Tempo (s),PWM,RPM
0.009,7.36,0.0
0.019,22.08,0.0
0.029,36.8,0.0
0.039,51.424,30.0
0.049,65.76,90.0
0.059,79.616,180.0
0.069,92.8,300.0
0.079,105.12,450.0
0.089,116.48,600.0
0.099,126.784,780.0
0.109,135.936,960.0
0.119,144.128,1080.0
0.129,151.456,1230.0
0.139,157.824,1380.0
0.149,163.328,1500.0
0.159,168.16,1590.0
0.169,172.512,1650.0
0.179,176.384,1740.0
0.189,179.776,1800.0
0.199,182.88,1830.0
0.209,185.6,1920.0
0.219,188.032,1920.0
0.229,190.368,1950.0
0.239,192.512,1980.0
0.249,194.56,1980.0
0.259,196.512,2010.0
0.269,198.272,2040.0
0.279,199.936,2040.0
0.289,201.6,2040.0
0.3,203.168,2070.0
0.309,204.64,2070.0
0.319,206.112,2070.0
0.329,207.584,2070.0
0.339,208.96,2100.0
0.349,210.24,2100.0
0.359,211.52,2100.0
0.369,212.8,2100.0
0.379,214.08,2100.0
0.389,215.264,2130.0
0.399,216.448,2100.0
0.409,217.632,2130.0
0.419,218.72,2130.0
0.429,219.808,2130.0
0.439,220.896,2130.0
0.449,221.888,2160.0
0.459,222.88,2130.0
0.47,223.872,2160.0
0.479,224.768,2160.0
0.489,225.76,2130.0
0.499,226.752,2160.0
0.509,227.648,2160.0
0.519,228.64,2130.0
0.529,229.536,2190.0
0.539,230.336,2160.0
0.549,231.232,2160.0
0.559,232.032,2190.0
0.569,232.736,2190.0
0.579,233.536,2160.0
0.589,234.336,2190.0
0.599,235.04,2190.0
0.609,235.744,2190.0
0.619,236.448,2190.0
0.629,237.152,2190.0
0.64,237.856,2190.0
0.649,238.56,2190.0
0.659,239.264,2190.0
0.669,239.872,2220.0
0.679,240.48,2190.0
0.689,241.184,2190.0
0.699,241.888,2190.0
0.709,242.592,2190.0
0.719,243.296,2190.0
0.729,244.0,2190.0
0.739,244.608,2220.0
0.749,245.024,2250.0
0.759,245.44,2220.0
0.769,245.951,2220.0
0.779,246.463,2220.0
0.789,246.975,2220.0
0.799,247.391,2250.0
0.809,247.711,2250.0
0.819,248.127,2220.0
0.829,248.543,2250.0
0.839,248.863,2250.0
0.849,249.279,2220.0
0.859,249.791,2220.0
0.869,250.303,2220.0
0.879,250.719,2250.0
0.889,251.039,2250.0
0.899,251.359,2250.0
0.909,251.679,2250.0
0.919,252.095,2220.0
0.929,252.511,2250.0
0.94,252.831,2250.0
0.949,253.247,2220.0
0.959,253.567,2280.0
0.969,253.695,2280.0
0.979,253.823,2280.0
0.989,253.951,2280.0
0.999,254.079,2280.0
1.009,254.111,2310.0
1.019,254.047,2310.0
1.029,254.079,2280.0
1.039,254.111,2310.0
1.049,254.047,2310.0
1.059,254.079,2280.0
1.069,254.111,2310.0
1.079,254.143,2280.0
1.089,254.175,2310.0
1.099,254.111,2310.0
1.11,254.047,2310.0
1.119,253.983,2310.0
1.129,253.919,2310.0
1.139,253.855,2310.0
1.149,253.791,2310.0
1.159,253.823,2280.0
1.169,253.855,2310.0
1.179,253.792,2310.0
1.189,253.824,2280.0
1.199,253.952,2280.0
1.209,254.176,2250.0
1.219,254.496,2250.0
1.229,254.912,2220.0
1.239,255.0,2160.0
1.249,255.0,2220.0
1.259,255.0,2250.0
1.269,255.0,2280.0
1.28,255.0,2280.0
1.289,255.0,2280.0
1.299,254.936,2340.0
1.309,254.776,2310.0
1.319,254.904,2250.0
1.329,255.0,2250.0
1.339,255.0,2220.0
1.349,255.0,2280.0
1.359,255.0,2280.0
1.369,255.0,2310.0
1.379,254.936,2310.0
1.389,254.872,2310.0
1.399,254.808,2310.0
1.409,254.648,2340.0
1.419,254.488,2310.0
1.429,254.424,2310.0
1.439,254.36,2310.0
1.449,254.296,2310.0
1.459,254.232,2310.0
1.469,254.264,2280.0
1.479,254.488,2250.0
1.489,254.808,2250.0
1.499,255.0,2190.0
1.509,255.0,2220.0
1.519,255.0,2280.0
1.529,255.0,2280.0
1.539,255.0,2310.0
1.549,255.0,2280.0
1.559,255.0,2310.0
1.569,254.936,2310.0
1.58,254.968,2280.0
1.589,255.0,2280.0
1.599,255.0,2280.0
1.609,255.0,2280.0
1.619,255.0,2310.0
1.629,254.936,2310.0
1.639,254.872,2310.0
1.649,254.904,2280.0
1.659,255.0,2220.0
1.669,255.0,2250.0
1.679,255.0,2280.0
1.689,255.0,2280.0
1.699,255.0,2310.0
1.709,254.936,2310.0
1.719,254.872,2310.0
1.729,254.904,2280.0
1.739,255.0,2190.0
1.75,255.0,2220.0
1.759,255.0,2250.0
1.769,255.0,2280.0
1.779,255.0,2310.0
1.789,255.0,2280.0
1.799,255.0,2310.0
1.809,254.84,2340.0
1.819,254.776,2280.0
1.829,255.0,2250.0
1.839,255.0,2190.0
1.849,255.0,2190.0
1.859,255.0,2250.0
1.869,255.0,2280.0
1.879,255.0,2310.0
1.889,254.936,2310.0
1.899,254.968,2280.0
1.909,255.0,2250.0
1.92,255.0,2250.0
1.929,255.0,2280.0
1.939,255.0,2310.0
1.949,254.936,2310.0
1.959,254.872,2310.0
1.969,255.0,2220.0
1.979,255.0,2250.0
1.989,255.0,2280.0
1.999,255.0,2280.0
2.269,255.0,2310.0
2.279,254.936,2310.0
2.289,254.968,2280.0
2.299,255.0,2250.0
2.309,255.0,2250.0
2.319,255.0,2280.0
2.329,255.0,2310.0
2.339,255.0,2280.0
2.349,254.936,2340.0
2.359,254.776,2310.0
2.369,255.0,2220.0
2.379,255.0,2250.0
2.39,255.0,2280.0
2.399,255.0,2280.0
2.409,255.0,2310.0
2.419,254.936,2310.0
2.429,254.776,2340.0
2.439,254.616,2310.0
2.449,254.552,2310.0
2.459,254.488,2310.0
2.469,254.424,2310.0
2.479,254.36,2310.0
2.489,254.296,2310.0
2.499,254.328,2280.0
2.509,254.552,2250.0
2.519,255.0,2190.0
2.529,255.0,2190.0
2.539,255.0,2250.0
2.549,255.0,2310.0
2.56,255.0,2280.0
2.569,255.0,2310.0
2.579,254.936,2310.0
2.589,254.872,2310.0
2.599,254.904,2280.0
2.609,255.0,2250.0
2.619,255.0,2280.0
2.629,255.0,2280.0
2.639,255.0,2310.0
2.649,254.84,2340.0
2.659,254.776,2280.0
2.669,255.0,2250.0
2.679,255.0,2190.0
2.689,255.0,2220.0
2.699,255.0,2280.0
2.709,255.0,2280.0
2.719,255.0,2310.0
2.729,254.84,2340.0
2.739,254.776,2280.0
2.749,254.904,2280.0
2.759,255.0,2250.0
2.769,255.0,2220.0
2.779,255.0,2280.0
2.789,255.0,2280.0
2.799,255.0,2310.0
2.809,254.936,2310.0
2.819,254.872,2310.0
2.829,254.904,2280.0
2.839,255.0,2220.0
2.849,255.0,2250.0
2.86,255.0,2280.0
2.869,255.0,2280.0
2.879,255.0,2310.0
2.889,254.936,2310.0
2.899,254.872,2310.0
2.909,254.904,2280.0
2.919,255.0,2220.0
2.929,255.0,2220.0
2.939,255.0,2280.0
2.949,255.0,2310.0
2.959,254.936,2310.0
2.969,254.872,2310.0
2.979,255.0,2220.0
2.989,255.0,2220.0
2.999,255.0,2250.0
3.009,255.0,2310.0
3.019,254.936,2310.0
3.03,254.968,2280.0
3.039,255.0,2250.0
3.049,255.0,2250.0
3.059,255.0,2280.0
3.069,255.0,2280.0
3.079,255.0,2310.0
3.089,254.936,2310.0
3.099,254.968,2280.0
3.109,255.0,2250.0
3.119,255.0,2250.0
3.129,255.0,2250.0
3.139,255.0,2280.0
3.149,255.0,2310.0
3.159,254.936,2310.0
3.169,254.968,2280.0
3.179,255.0,2250.0
3.189,255.0,2250.0
3.2,255.0,2310.0
3.209,255.0,2280.0
3.219,254.936,2340.0
3.229,254.872,2280.0
3.239,255.0,2280.0
3.249,255.0,2250.0
3.259,255.0,2280.0
3.269,255.0,2310.0
3.279,254.936,2310.0
3.289,254.968,2280.0
3.299,255.0,2250.0
3.309,255.0,2250.0
3.319,255.0,2250.0
3.329,255.0,2310.0
3.339,254.936,2310.0
3.349,254.968,2280.0
3.359,255.0,2250.0
3.369,255.0,2220.0
3.379,255.0,2280.0
3.389,255.0,2280.0
3.399,255.0,2310.0
3.409,254.936,2310.0
3.419,254.872,2310.0
3.429,255.0,2250.0
3.439,255.0,2250.0
3.449,255.0,2250.0
3.459,255.0,2310.0
3.469,254.936,2310.0
3.479,254.968,2280.0
3.489,255.0,2220.0
3.5,255.0,2190.0
3.509,255.0,2250.0
3.519,255.0,2280.0
3.529,255.0,2310.0
3.539,254.936,2310.0
3.549,254.872,2310.0
3.559,255.0,2220.0
3.569,255.0,2220.0
3.579,255.0,2280.0
3.589,255.0,2280.0
3.599,255.0,2310.0
3.609,255.0,2280.0
3.619,255.0,2310.0
3.629,254.84,2340.0
3.639,254.68,2310.0
3.649,254.808,2250.0
3.659,255.0,2190.0
3.67,255.0,2220.0
3.679,255.0,2250.0
3.689,255.0,2280.0
3.699,255.0,2310.0
3.709,254.936,2310.0
3.719,254.872,2310.0
3.729,254.904,2280.0
3.739,255.0,2160.0
3.749,255.0,2220.0
3.759,255.0,2250.0
3.769,255.0,2280.0
3.779,255.0,2310.0
3.789,254.936,2310.0
3.799,254.968,2280.0
3.809,255.0,2220.0
3.819,255.0,2220.0
3.829,255.0,2280.0
3.84,255.0,2280.0
3.849,255.0,2310.0
3.859,254.936,2310.0
3.869,255.0,2250.0
3.879,255.0,2280.0
3.889,255.0,2310.0
3.899,255.0,2280.0
3.909,254.936,2340.0
3.919,254.872,2280.0
3.929,255.0,2250.0
3.939,255.0,2220.0
3.949,255.0,2250.0
3.959,255.0,2280.0
3.969,255.0,2310.0
3.979,254.936,2310.0
3.989,254.968,2280.0
3.999,255.0,2220.0
4.009,255.0,2220.0
4.019,255.0,2220.0
4.029,255.0,2250.0
4.039,255.0,2250.0
4.049,255.0,2220.0
4.059,255.0,2190.0
4.069,255.0,2190.0
4.079,255.0,2220.0
4.089,255.0,2190.0
4.099,255.0,2220.0
4.109,255.0,2190.0
4.119,255.0,2160.0
4.129,255.0,2160.0
4.14,255.0,2160.0
4.149,255.0,2190.0
4.159,255.0,2160.0
4.169,255.0,2130.0
4.179,255.0,2160.0
4.189,255.0,2130.0
4.199,255.0,2130.0
4.209,255.0,2160.0
4.219,255.0,2130.0
4.229,255.0,2130.0
4.239,255.0,2130.0
4.249,255.0,2100.0
4.259,255.0,2130.0
4.529,255.0,2130.0
4.539,255.0,2130.0
4.549,255.0,2160.0
4.559,255.0,2130.0
4.569,255.0,2130.0
4.579,255.0,2130.0
4.589,255.0,2130.0
4.599,255.0,2130.0
4.609,255.0,2130.0
4.619,255.0,2130.0
4.629,255.0,2100.0
4.639,255.0,2100.0
4.649,255.0,2100.0
4.659,255.0,2100.0
4.669,255.0,2100.0
4.679,255.0,2070.0
4.689,255.0,2100.0
4.699,255.0,2100.0
4.709,255.0,2070.0
4.719,255.0,2100.0
4.729,255.0,1740.0
4.739,255.0,1800.0
4.749,255.0,1830.0
4.759,255.0,1890.0
4.769,255.0,1890.0
4.78,255.0,1950.0
4.789,255.0,1920.0
4.799,255.0,1950.0
4.809,255.0,1950.0
4.819,255.0,1950.0
4.829,255.0,1980.0
4.839,255.0,1950.0
4.849,255.0,1980.0
4.859,255.0,1980.0
4.869,255.0,1980.0
4.879,255.0,1980.0
4.889,255.0,1980.0
4.899,255.0,1950.0
4.909,255.0,1980.0
4.919,255.0,1980.0
4.929,255.0,1980.0
4.939,255.0,1950.0
4.95,255.0,1950.0
4.959,255.0,1980.0
4.969,255.0,1920.0
4.979,255.0,1950.0
4.989,255.0,1950.0
4.999,255.0,1920.0
5.009,255.0,1920.0
5.019,255.0,1920.0
5.029,255.0,1920.0
5.039,255.0,1920.0
5.049,255.0,1920.0
5.059,255.0,1890.0
5.069,255.0,1920.0
5.079,255.0,1890.0
5.089,255.0,1890.0
5.099,255.0,1890.0
5.109,255.0,1920.0
5.12,255.0,1890.0
5.129,255.0,1890.0
5.139,255.0,1890.0
5.149,255.0,1890.0
5.159,255.0,1890.0
5.169,255.0,1890.0
5.179,255.0,1890.0
5.189,255.0,1890.0
5.199,255.0,1890.0
5.209,255.0,1890.0
5.219,255.0,1890.0
5.229,255.0,1890.0
5.239,255.0,1890.0
5.249,255.0,1890.0
5.259,255.0,1890.0
5.269,255.0,1890.0
5.279,255.0,1920.0
5.289,255.0,1890.0
5.299,255.0,1890.0
5.309,255.0,1920.0
5.319,255.0,1890.0
5.329,255.0,1890.0
5.339,255.0,1920.0
5.349,255.0,1890.0
5.359,255.0,1890.0
5.369,255.0,1920.0
5.379,255.0,1890.0
5.389,255.0,1890.0
5.399,255.0,1890.0
5.409,255.0,1890.0
5.42,255.0,1890.0
5.429,255.0,1890.0
5.439,255.0,1920.0
5.449,255.0,1890.0
5.459,255.0,1890.0
5.469,255.0,1890.0
5.479,255.0,1890.0
5.489,255.0,1890.0
5.499,255.0,1890.0
5.509,255.0,1890.0
5.519,255.0,1890.0
5.529,255.0,1890.0
5.539,255.0,1860.0
5.549,255.0,1920.0
5.559,255.0,1890.0
5.569,255.0,1890.0
5.579,255.0,1890.0
5.59,255.0,1890.0
5.599,255.0,1890.0
5.609,255.0,1890.0
5.619,255.0,1890.0
5.629,255.0,1890.0
5.639,255.0,1890.0
5.649,255.0,1890.0
5.659,255.0,1890.0
5.669,255.0,1890.0
5.679,255.0,1890.0
5.689,255.0,1860.0
5.699,255.0,1890.0
5.709,255.0,1860.0
5.719,255.0,1890.0
5.729,255.0,1890.0
5.739,255.0,1860.0
5.749,255.0,1890.0
5.76,255.0,1860.0
5.769,255.0,1890.0
5.779,255.0,1860.0
5.789,255.0,1890.0
5.799,255.0,1860.0
5.809,255.0,1860.0
5.819,255.0,1860.0
5.829,255.0,1890.0
5.839,255.0,1860.0
5.849,255.0,1860.0
5.859,255.0,1890.0
5.869,255.0,1860.0
5.879,255.0,1890.0
5.889,255.0,1860.0
5.899,255.0,1890.0
5.909,255.0,1860.0
5.919,255.0,1890.0
5.929,255.0,1890.0
5.939,255.0,1860.0
5.949,255.0,1890.0
5.959,255.0,1890.0
5.969,255.0,1860.0
5.979,255.0,1890.0
5.989,255.0,1860.0
5.999,255.0,1890.0
6.009,255.0,1890.0
6.019,255.0,1860.0
6.029,255.0,1860.0
6.039,255.0,1890.0
6.049,255.0,1890.0
6.06,255.0,1890.0
6.069,255.0,1860.0
6.079,255.0,1890.0
6.089,255.0,1890.0
6.099,255.0,1860.0
6.109,255.0,1890.0
6.119,255.0,1890.0
6.129,255.0,1860.0
6.139,255.0,1860.0
6.149,255.0,1890.0
6.159,255.0,1890.0
6.169,255.0,1890.0
6.179,255.0,1860.0
6.189,255.0,1890.0
6.199,255.0,1890.0
6.209,255.0,1860.0
6.219,255.0,1890.0
6.23,255.0,1890.0
6.239,255.0,1860.0
6.249,255.0,1890.0
6.259,255.0,1890.0
6.269,255.0,1890.0
6.279,255.0,1890.0
6.289,255.0,1890.0
6.299,255.0,1890.0
6.309,255.0,1890.0
6.319,255.0,1890.0
6.329,255.0,1890.0
6.339,255.0,1890.0
6.349,255.0,1890.0
6.359,255.0,1890.0
6.369,255.0,1890.0
6.379,255.0,1890.0
6.389,255.0,1890.0
6.4,255.0,1860.0
6.409,255.0,1890.0
6.419,255.0,1890.0
6.429,255.0,1860.0
6.439,255.0,1890.0
6.449,255.0,1860.0
6.459,255.0,1890.0
6.469,255.0,1860.0
6.479,255.0,1860.0
6.489,255.0,1890.0
6.499,255.0,1860.0
6.509,255.0,1860.0
6.519,255.0,1860.0
6.789,255.0,1860.0
6.799,255.0,1860.0
6.809,255.0,1860.0
6.819,255.0,1860.0
6.829,255.0,1860.0
6.839,255.0,1860.0
6.849,255.0,1830.0
6.859,255.0,1860.0
6.87,255.0,1860.0
6.879,255.0,1860.0
6.889,255.0,1830.0
6.899,255.0,1860.0
6.909,255.0,1860.0
6.919,255.0,1830.0
6.929,255.0,1860.0
6.939,255.0,1860.0
6.949,255.0,1830.0
6.959,255.0,1860.0
6.969,255.0,1860.0
6.979,255.0,1830.0
6.989,255.0,1860.0
6.999,255.0,1830.0
7.009,255.0,1860.0
7.019,255.0,1830.0
7.029,255.0,1860.0
7.04,255.0,1830.0
7.049,255.0,1830.0
7.059,255.0,1860.0
7.069,255.0,1830.0
7.079,255.0,1830.0
7.089,255.0,1830.0
7.099,255.0,1830.0
7.109,255.0,1830.0
7.119,255.0,1830.0
7.129,255.0,1830.0
7.139,255.0,1830.0
7.149,255.0,1830.0
7.159,255.0,1830.0
7.169,255.0,1830.0
7.179,255.0,1830.0
7.189,255.0,1830.0
7.199,255.0,1830.0
7.209,255.0,1830.0
7.219,255.0,1830.0
7.229,255.0,1830.0
7.239,255.0,1830.0
7.249,255.0,1830.0
7.259,255.0,1830.0
7.269,255.0,1830.0
7.279,255.0,1830.0
7.289,255.0,1830.0
7.299,255.0,1800.0
7.309,255.0,1830.0
7.319,255.0,1830.0
7.329,255.0,1830.0
7.34,255.0,1830.0
7.349,255.0,1830.0
7.359,255.0,1800.0
7.369,255.0,1830.0
7.379,255.0,1830.0
7.389,255.0,1800.0
7.399,255.0,1830.0
7.409,255.0,1830.0
7.419,255.0,1830.0
7.429,255.0,1800.0
7.439,255.0,1830.0
7.449,255.0,1830.0
7.459,255.0,1800.0
7.469,255.0,1830.0
7.479,255.0,1830.0
7.489,255.0,1800.0
7.499,255.0,1830.0
7.51,255.0,1800.0
7.519,255.0,1800.0
7.529,255.0,1800.0
7.539,255.0,1800.0
7.549,255.0,1830.0
7.559,255.0,1770.0
7.569,255.0,1800.0
7.579,255.0,1800.0
7.589,255.0,1800.0
7.599,255.0,1800.0
7.609,255.0,1800.0
7.619,255.0,1800.0
7.629,255.0,1770.0
7.639,255.0,1800.0
7.649,255.0,1770.0
7.659,255.0,1800.0
7.669,255.0,1770.0
7.68,255.0,1800.0
7.689,255.0,1770.0
7.699,255.0,1800.0
7.709,255.0,1770.0
7.719,255.0,1800.0
7.729,255.0,1770.0
7.739,255.0,1800.0
7.749,255.0,1770.0
7.759,255.0,1800.0
7.769,255.0,1770.0
7.779,255.0,1800.0
7.789,255.0,1800.0
7.799,255.0,1770.0
7.809,255.0,1800.0
7.819,255.0,1770.0
7.829,255.0,1800.0
7.839,255.0,1770.0
7.849,255.0,1800.0
7.859,255.0,1770.0
7.869,255.0,1800.0
7.879,255.0,1800.0
7.889,255.0,1770.0
7.899,255.0,1800.0
7.909,255.0,1800.0
7.919,255.0,1800.0
7.929,255.0,1770.0
7.939,255.0,1800.0
7.949,255.0,1800.0
7.959,255.0,1800.0
7.969,255.0,1800.0
7.98,255.0,1770.0
7.989,255.0,1800.0
7.999,255.0,1800.0
8.009,255.0,1800.0
8.019,255.0,1800.0
8.029,255.0,1770.0
8.039,255.0,1800.0
8.049,255.0,1800.0
8.059,255.0,1770.0
8.069,255.0,1800.0
8.079,255.0,1800.0
8.089,255.0,1770.0
8.099,255.0,1800.0
8.109,255.0,1770.0
8.119,255.0,1800.0
8.129,255.0,1800.0
8.139,255.0,1800.0
8.15,255.0,1800.0
8.159,255.0,1770.0
8.169,255.0,1800.0
8.179,255.0,1800.0
8.189,255.0,1800.0
8.199,255.0,1770.0
8.209,255.0,1800.0
8.219,255.0,1800.0
8.229,255.0,1800.0
8.239,255.0,1770.0
8.249,255.0,1830.0
8.259,255.0,1770.0
8.269,255.0,1800.0
8.279,255.0,1800.0
8.289,255.0,1800.0
8.299,255.0,1800.0
8.309,255.0,1800.0
8.32,255.0,1800.0
8.329,255.0,1800.0
8.339,255.0,1800.0
8.349,255.0,1800.0
8.359,255.0,1800.0
8.369,255.0,1800.0
8.379,255.0,1830.0
8.389,255.0,1800.0
8.399,255.0,1800.0
8.409,255.0,1800.0
8.419,255.0,1800.0
8.429,255.0,1800.0
8.439,255.0,1800.0
8.449,255.0,1800.0
8.459,255.0,1800.0
8.469,255.0,1830.0
8.479,255.0,1800.0
8.489,255.0,1830.0
8.499,255.0,1800.0
8.509,255.0,1800.0
8.519,255.0,1830.0
8.529,255.0,1800.0
8.539,255.0,1800.0
8.549,255.0,1800.0
8.559,255.0,1800.0
8.569,255.0,1800.0
8.579,255.0,1800.0
8.589,255.0,1770.0
8.599,255.0,1800.0
8.609,255.0,1770.0
8.62,255.0,1800.0
8.629,255.0,1770.0
8.639,255.0,1770.0
8.649,255.0,1770.0
8.659,255.0,1770.0
8.669,255.0,1800.0
8.679,255.0,1770.0
8.689,255.0,1800.0
8.699,255.0,1770.0
8.709,255.0,1800.0
8.719,255.0,1800.0
8.729,255.0,1800.0
8.739,255.0,1800.0
8.749,255.0,1800.0
8.759,255.0,1770.0
8.769,255.0,1800.0
8.779,255.0,1800.0
9.049,255.0,1770.0
9.059,255.0,1800.0
9.069,255.0,1800.0
9.079,255.0,1770.0
9.089,255.0,1800.0
9.099,255.0,1770.0
9.109,255.0,1800.0
9.119,255.0,1800.0
9.129,255.0,1770.0
9.139,255.0,1800.0
9.149,255.0,1800.0
9.159,255.0,1770.0
9.169,255.0,1800.0
9.179,255.0,1800.0
9.189,255.0,1770.0
9.199,255.0,1800.0
9.209,255.0,1770.0
9.219,255.0,1800.0
9.229,255.0,1770.0
9.239,255.0,1800.0
9.249,255.0,1800.0
9.26,255.0,1770.0
9.269,255.0,1800.0
9.279,255.0,1770.0
9.289,255.0,1770.0
9.299,255.0,1800.0
9.309,255.0,1770.0
9.319,255.0,1800.0
9.329,255.0,1770.0
9.339,255.0,1770.0
9.349,255.0,1800.0
9.359,255.0,1770.0
9.369,255.0,1770.0
9.379,255.0,1770.0
9.389,255.0,1770.0
9.399,255.0,1770.0
9.409,255.0,1770.0
9.419,255.0,1800.0
9.43,255.0,1740.0
9.439,255.0,1800.0
9.449,255.0,1740.0
9.459,255.0,1710.0
9.469,255.0,1740.0
9.479,255.0,1710.0
9.489,255.0,1740.0
9.499,255.0,1710.0
9.509,255.0,1710.0
9.519,255.0,1740.0
9.529,255.0,1710.0
9.539,255.0,1710.0
9.549,255.0,1710.0
9.559,255.0,1740.0
9.569,255.0,1710.0
9.579,255.0,1740.0
9.589,255.0,1710.0
9.6,255.0,1710.0
9.609,255.0,1740.0
9.619,255.0,1710.0
9.629,255.0,1740.0
9.639,255.0,1710.0
9.649,255.0,1740.0
9.659,255.0,1740.0
9.669,255.0,1710.0
9.679,255.0,1740.0
9.689,255.0,1710.0
9.699,255.0,1740.0
9.709,255.0,1710.0
9.719,255.0,1740.0
9.729,255.0,1740.0
9.739,255.0,1740.0
9.749,255.0,1740.0
9.759,255.0,1740.0
9.769,255.0,1740.0
9.779,255.0,1740.0
9.789,255.0,1740.0
9.799,255.0,1740.0
9.809,255.0,1770.0
9.819,255.0,1740.0
9.829,255.0,1770.0
9.839,255.0,1770.0
9.849,255.0,1740.0
9.859,255.0,1770.0
9.869,255.0,1770.0
9.879,255.0,1770.0
9.889,255.0,1770.0
9.9,255.0,1770.0
9.909,255.0,1740.0
9.919,255.0,1770.0
9.929,255.0,1800.0
9.939,255.0,1770.0
9.949,255.0,1770.0
9.959,255.0,1770.0
9.969,255.0,1770.0
9.979,255.0,1770.0
9.989,255.0,1800.0
9.999,255.0,1770.0
10.009,255.0,1770.0
10.019,255.0,1800.0
10.029,255.0,1770.0
10.039,255.0,1770.0
10.049,255.0,1770.0
10.059,255.0,1800.0
10.07,255.0,1770.0
10.079,255.0,1770.0
10.089,255.0,1800.0
10.099,255.0,1800.0
10.109,255.0,1800.0
10.119,255.0,1800.0
10.129,255.0,1800.0
10.139,255.0,1830.0
10.149,255.0,1800.0
10.159,255.0,1830.0
10.169,255.0,1830.0
10.179,255.0,1830.0
10.189,255.0,1860.0
10.199,255.0,1860.0
10.209,255.0,1830.0
10.219,255.0,1860.0
10.229,255.0,1860.0
10.24,255.0,1860.0
10.249,255.0,1860.0
10.259,255.0,1890.0
10.269,255.0,1830.0
10.279,255.0,1890.0
10.289,255.0,1860.0
10.299,255.0,1860.0
10.309,255.0,1860.0
10.319,255.0,1860.0
10.329,255.0,1860.0
10.339,255.0,1860.0
10.349,255.0,1860.0
10.359,255.0,1860.0
10.369,255.0,1860.0
10.379,255.0,1860.0
10.389,255.0,1890.0
10.399,255.0,1860.0
10.409,255.0,1860.0
10.419,255.0,1860.0
10.429,255.0,1860.0
10.439,255.0,1860.0
10.449,255.0,1860.0
10.459,255.0,1860.0
10.469,255.0,1830.0
10.479,255.0,1860.0
10.489,255.0,1860.0
10.499,255.0,1830.0
10.509,255.0,1830.0
10.519,255.0,1860.0
10.529,255.0,1830.0
10.54,255.0,1830.0
10.549,255.0,1860.0
10.559,255.0,1830.0
10.569,255.0,1830.0
10.579,255.0,1830.0
10.589,255.0,1860.0
10.599,255.0,1830.0
10.609,255.0,1830.0
10.619,255.0,1860.0
10.629,255.0,1830.0
10.639,255.0,1830.0
10.649,255.0,1860.0
10.659,255.0,1830.0
10.669,255.0,1830.0
10.679,255.0,1860.0
10.689,255.0,1830.0
10.699,255.0,1830.0
10.71,255.0,1830.0
10.719,255.0,1860.0
10.729,255.0,1830.0
10.739,255.0,1830.0
10.749,255.0,1830.0
10.759,255.0,1830.0
10.769,255.0,1830.0
10.779,255.0,1830.0
10.789,255.0,1830.0
10.799,255.0,1830.0
10.809,255.0,1830.0
10.819,255.0,1830.0
10.829,255.0,1800.0
10.839,255.0,1830.0
10.849,255.0,1830.0
10.859,255.0,1830.0
10.869,255.0,1830.0
10.88,255.0,1830.0
10.889,255.0,1800.0
10.899,255.0,1830.0
10.909,255.0,1830.0
10.919,255.0,1830.0
10.929,255.0,1830.0
10.939,255.0,1830.0
10.949,255.0,1830.0
10.959,255.0,1830.0
10.969,255.0,1830.0
10.979,255.0,1830.0
10.989,255.0,1800.0
10.999,255.0,1830.0
11.009,255.0,1830.0
11.019,255.0,1830.0
11.029,255.0,1800.0
11.039,255.0,1830.0
11.319,255.0,1830.0
11.329,255.0,1800.0
11.339,255.0,1830.0
11.35,255.0,1830.0
11.359,255.0,1800.0
11.369,255.0,1830.0
11.379,255.0,1800.0
11.389,255.0,1830.0
11.399,255.0,1800.0
11.409,255.0,1830.0
11.419,255.0,1800.0
11.429,255.0,1800.0
11.439,255.0,1830.0
11.449,255.0,1800.0
11.459,255.0,1800.0
11.469,255.0,1830.0
11.479,255.0,1800.0
11.489,255.0,1800.0
11.499,255.0,1800.0
11.509,255.0,1830.0
11.52,255.0,1800.0
11.529,255.0,1800.0
11.539,255.0,1830.0
11.549,255.0,1800.0
11.559,255.0,1800.0
11.569,255.0,1830.0
11.579,255.0,1800.0
11.589,255.0,1800.0
11.599,255.0,1830.0
11.609,255.0,1830.0
11.619,255.0,1800.0
11.629,255.0,1800.0
11.639,255.0,1830.0
11.649,255.0,1800.0
11.659,255.0,1830.0
11.669,255.0,1800.0
11.679,255.0,1830.0
11.689,255.0,1800.0
11.699,255.0,1830.0
11.709,255.0,1830.0
11.719,255.0,1800.0
11.729,255.0,1800.0
11.739,255.0,1800.0
11.749,255.0,1800.0
11.759,255.0,1800.0
11.769,255.0,1800.0
11.779,255.0,1800.0
11.789,255.0,1800.0
11.799,255.0,1800.0
11.809,255.0,1800.0
11.82,255.0,1740.0
11.829,255.0,1770.0
11.839,255.0,1770.0
11.849,255.0,1770.0
11.859,255.0,1740.0
11.869,255.0,1770.0
11.879,255.0,1740.0
11.889,255.0,1740.0
11.899,255.0,1740.0
11.909,255.0,1740.0
11.919,255.0,1740.0
11.929,255.0,1740.0
11.939,255.0,1770.0
11.949,255.0,1740.0
11.959,255.0,1740.0
11.969,255.0,1770.0
11.979,255.0,1740.0
11.99,255.0,1740.0
11.999,255.0,1770.0
12.009,255.0,1770.0
12.019,255.0,1740.0
12.029,255.0,1770.0
12.039,255.0,1770.0
12.049,255.0,1740.0
12.059,255.0,1770.0
12.069,255.0,1770.0
12.079,255.0,1770.0
12.089,255.0,1770.0
12.099,255.0,1770.0
12.109,255.0,1800.0
12.119,255.0,1770.0
12.129,255.0,1770.0
12.139,255.0,1770.0
12.149,255.0,1770.0
12.16,255.0,1770.0
12.169,255.0,1800.0
12.179,255.0,1770.0
12.189,255.0,1770.0
12.199,255.0,1800.0
12.209,255.0,1770.0
12.219,255.0,1770.0
12.229,255.0,1800.0
12.239,255.0,1770.0
12.249,255.0,1770.0
12.259,255.0,1770.0
12.269,255.0,1770.0
12.279,255.0,1770.0
12.289,255.0,1770.0
12.299,255.0,1770.0
12.309,255.0,1770.0
12.319,255.0,1770.0
12.329,255.0,1740.0
12.339,255.0,1770.0
12.349,255.0,1740.0
12.359,255.0,1740.0
12.369,255.0,1770.0
12.379,255.0,1740.0
12.389,255.0,1740.0
12.399,255.0,1740.0
12.409,255.0,1740.0
12.419,255.0,1770.0
12.429,255.0,1740.0
12.439,255.0,1740.0
12.449,255.0,1740.0
12.46,255.0,1740.0
12.469,255.0,1770.0
12.479,255.0,1740.0
12.489,255.0,1770.0
12.499,255.0,1740.0
12.509,255.0,1740.0
12.519,255.0,1740.0
12.529,255.0,1740.0
12.539,255.0,1770.0
12.549,255.0,1740.0
12.559,255.0,1740.0
12.569,255.0,1740.0
12.579,255.0,1740.0
12.589,255.0,1740.0
12.599,255.0,1740.0
12.609,255.0,1740.0
12.619,255.0,1710.0
12.63,255.0,1740.0
12.639,255.0,1710.0
12.649,255.0,1710.0
12.659,255.0,1740.0
12.669,255.0,1680.0
12.679,255.0,1710.0
12.689,255.0,1680.0
12.699,255.0,1710.0
12.709,255.0,1680.0
12.719,255.0,1680.0
12.729,255.0,1710.0
12.739,255.0,1650.0
12.749,255.0,1680.0
12.759,255.0,1680.0
12.769,255.0,1650.0
12.779,255.0,1650.0
12.789,255.0,1680.0
12.8,255.0,1650.0
12.809,255.0,1650.0
12.819,255.0,1650.0
12.829,255.0,1680.0
12.839,255.0,1650.0
12.849,255.0,1620.0
12.859,255.0,1650.0
12.869,255.0,1650.0
12.879,255.0,1620.0
12.889,255.0,1620.0
12.899,255.0,1650.0
12.909,255.0,1620.0
12.919,255.0,1620.0
12.929,255.0,1650.0
12.939,255.0,1620.0
12.949,255.0,1650.0
12.959,255.0,1620.0
12.969,255.0,1620.0
12.979,255.0,1620.0
12.989,255.0,1620.0
12.999,255.0,1620.0
13.009,255.0,1620.0
13.019,255.0,1620.0
13.029,255.0,1620.0
13.039,255.0,1590.0
13.049,255.0,1620.0
13.059,255.0,1590.0
13.069,255.0,1590.0
13.079,255.0,1620.0
13.089,255.0,1590.0
13.1,255.0,1620.0
13.109,255.0,1590.0
13.119,255.0,1620.0
13.129,255.0,1620.0
13.139,255.0,1650.0
13.149,255.0,1620.0
13.159,255.0,1620.0
13.169,255.0,1650.0
13.179,255.0,1620.0
13.189,255.0,1650.0
13.199,255.0,1650.0
13.209,255.0,1650.0
13.219,255.0,1620.0
13.229,255.0,1680.0
13.239,255.0,1650.0
13.249,255.0,1650.0
13.259,255.0,1680.0
13.27,255.0,1650.0
13.279,255.0,1650.0
13.289,255.0,1650.0
13.299,255.0,1680.0
13.309,255.0,1650.0
13.599,255.0,1650.0
13.609,255.0,1620.0
13.619,255.0,1650.0
13.629,255.0,1620.0
13.639,255.0,1620.0
13.649,255.0,1620.0
13.659,255.0,1620.0
13.669,255.0,1620.0
13.679,255.0,1620.0
13.689,255.0,1620.0
13.699,255.0,1620.0
13.709,255.0,1650.0
13.719,255.0,1620.0
13.729,255.0,1620.0
13.74,255.0,1650.0
13.749,255.0,1650.0
13.759,255.0,1620.0
13.769,255.0,1650.0
13.779,255.0,1650.0
13.789,255.0,1620.0
13.799,255.0,1650.0
13.809,255.0,1650.0
13.819,255.0,1650.0
13.829,255.0,1620.0
13.839,255.0,1650.0
13.849,255.0,1620.0
13.859,255.0,1650.0
13.869,255.0,1650.0
13.879,255.0,1650.0
13.889,255.0,1650.0
13.899,255.0,1620.0
13.91,255.0,1650.0
13.919,255.0,1650.0
13.929,255.0,1650.0
13.939,255.0,1620.0
13.949,255.0,1650.0
13.959,255.0,1650.0
13.969,255.0,1620.0
13.979,255.0,1650.0
13.989,255.0,1650.0
13.999,255.0,1650.0
14.009,255.0,1620.0
14.019,255.0,1650.0
14.029,255.0,1650.0
14.039,255.0,1650.0
14.049,255.0,1620.0
14.059,255.0,1650.0
14.069,255.0,1620.0
14.08,255.0,1650.0
14.089,255.0,1620.0
14.099,255.0,1650.0
14.109,255.0,1650.0
14.119,255.0,1620.0
14.129,255.0,1650.0
14.139,255.0,1650.0
14.149,255.0,1620.0
14.159,255.0,1620.0
14.169,255.0,1650.0
14.179,255.0,1650.0
14.189,255.0,1620.0
14.199,255.0,1590.0
14.209,255.0,1590.0
14.219,255.0,1590.0
14.229,255.0,1590.0
14.239,255.0,1560.0
14.249,255.0,1590.0
14.259,255.0,1590.0
14.269,255.0,1560.0
14.279,255.0,1590.0
14.289,255.0,1560.0
14.299,255.0,1590.0
14.309,255.0,1560.0
14.319,255.0,1590.0
14.329,255.0,1560.0
14.339,255.0,1560.0
14.349,255.0,1560.0
14.359,255.0,1590.0
14.369,255.0,1560.0
14.38,255.0,1530.0
14.389,255.0,1560.0
14.399,255.0,1530.0
14.409,255.0,1560.0
14.419,255.0,1530.0
14.429,255.0,1560.0
14.439,255.0,1530.0
14.449,255.0,1560.0
14.459,255.0,1530.0
14.469,255.0,1560.0
14.479,255.0,1560.0
14.489,255.0,1530.0
14.499,255.0,1560.0
14.509,255.0,1560.0
14.519,255.0,1560.0
14.529,255.0,1590.0
14.539,255.0,1590.0
14.55,255.0,1560.0
14.559,255.0,1590.0
14.569,255.0,1590.0
14.579,255.0,1590.0
14.589,255.0,1590.0
14.599,255.0,1590.0
14.609,255.0,1590.0
14.619,255.0,1590.0
14.629,255.0,1590.0
14.639,255.0,1590.0
14.649,255.0,1590.0
14.659,255.0,1620.0
14.669,255.0,1590.0
14.679,255.0,1590.0
14.689,255.0,1590.0
14.699,255.0,1590.0
14.709,255.0,1590.0
14.72,255.0,1590.0
14.729,255.0,1590.0
14.739,255.0,1590.0
14.749,255.0,1590.0
14.759,255.0,1560.0
14.769,255.0,1590.0
14.779,255.0,1590.0
14.789,255.0,1560.0
14.799,255.0,1560.0
14.809,255.0,1560.0
14.819,255.0,1590.0
14.829,255.0,1560.0
14.839,255.0,1560.0
14.849,255.0,1560.0
14.859,255.0,1590.0
14.869,255.0,1560.0
14.879,255.0,1560.0
14.889,255.0,1560.0
14.899,255.0,1560.0
14.909,255.0,1560.0
14.919,255.0,1560.0
14.929,255.0,1560.0
14.939,255.0,1560.0
14.949,255.0,1560.0
14.959,255.0,1590.0
14.969,255.0,1560.0
14.979,255.0,1560.0
14.989,255.0,1560.0
14.999,255.0,1590.0
15.009,255.0,1560.0
15.02,255.0,1560.0
15.029,255.0,1590.0
15.039,255.0,1560.0
15.049,255.0,1590.0
15.059,255.0,1560.0
15.069,255.0,1590.0
15.079,255.0,1590.0
15.089,255.0,1590.0
15.099,255.0,1560.0
15.109,255.0,1590.0
15.119,255.0,1590.0
15.129,255.0,1590.0
15.139,255.0,1560.0
15.149,255.0,1590.0
15.159,255.0,1590.0
15.169,255.0,1590.0
15.179,255.0,1560.0
15.19,255.0,1590.0
15.199,255.0,1590.0
15.209,255.0,1590.0
15.219,255.0,1590.0
15.229,255.0,1590.0
15.239,255.0,1620.0
15.249,255.0,1560.0
15.259,255.0,1590.0
15.269,255.0,1590.0
15.279,255.0,1590.0
15.289,255.0,1590.0
15.299,255.0,1590.0
15.309,255.0,1590.0
15.319,255.0,1560.0
15.329,255.0,1590.0
15.339,255.0,1590.0
15.349,255.0,1590.0
15.36,255.0,1560.0
15.369,255.0,1590.0
15.379,255.0,1590.0
15.389,255.0,1560.0
15.399,255.0,1590.0
15.409,255.0,1560.0
15.419,255.0,1560.0
15.429,255.0,1590.0
15.439,255.0,1560.0
15.449,255.0,1560.0
15.459,255.0,1560.0
15.469,255.0,1560.0
15.479,255.0,1560.0
15.489,255.0,1560.0
15.499,255.0,1560.0
15.509,255.0,1560.0
15.519,255.0,1560.0
15.529,255.0,1560.0
15.539,255.0,1590.0
15.549,255.0,1560.0
15.559,255.0,1560.0
15.569,255.0,1560.0
15.579,255.0,1590.0
15.589,255.0,1560.0
15.879,255.0,1560.0
15.889,255.0,1560.0
15.899,255.0,1560.0
15.909,255.0,1560.0
15.919,255.0,1560.0
15.929,255.0,1530.0
15.939,255.0,1560.0
15.949,255.0,1560.0
15.959,255.0,1530.0
15.969,255.0,1560.0
15.979,255.0,1560.0
15.989,255.0,1530.0
16.0,255.0,1560.0
16.009,255.0,1530.0
16.019,255.0,1560.0
16.029,255.0,1530.0
16.039,255.0,1530.0
16.049,255.0,1530.0
16.059,255.0,1530.0
16.069,255.0,1530.0
16.079,255.0,1530.0
16.089,255.0,1530.0
16.099,255.0,1530.0
16.109,255.0,1530.0
16.119,255.0,1530.0
16.129,255.0,1530.0
16.139,255.0,1500.0
16.149,255.0,1500.0
16.159,255.0,1530.0
16.169,255.0,1530.0
16.179,255.0,1500.0
16.189,255.0,1500.0
16.199,255.0,1530.0
16.209,255.0,1500.0
16.219,255.0,1530.0
16.229,255.0,1500.0
16.239,255.0,1500.0
16.249,255.0,1530.0
16.259,255.0,1500.0
16.269,255.0,1530.0
16.279,255.0,1530.0
16.289,255.0,1500.0
16.3,255.0,1500.0
16.309,255.0,1530.0
16.319,255.0,1500.0
16.329,255.0,1530.0
16.339,255.0,1500.0
16.349,255.0,1500.0
16.359,255.0,1530.0
16.369,255.0,1500.0
16.379,255.0,1500.0
16.389,255.0,1500.0
16.399,255.0,1530.0
16.409,255.0,1500.0
16.419,255.0,1500.0
16.429,255.0,1530.0
16.439,255.0,1500.0
16.449,255.0,1530.0
16.459,255.0,1500.0
16.47,255.0,1500.0
16.479,255.0,1500.0
16.489,255.0,1500.0
16.499,255.0,1500.0
16.509,255.0,1500.0
16.519,255.0,1500.0
16.529,255.0,1500.0
16.539,255.0,1470.0
16.549,255.0,1470.0
16.559,255.0,1500.0
16.569,255.0,1470.0
16.579,255.0,1410.0
16.589,255.0,1410.0
16.599,255.0,1410.0
16.609,255.0,1380.0
16.619,255.0,1410.0
16.629,255.0,1410.0
16.64,255.0,1440.0
16.649,255.0,1410.0
16.659,255.0,1440.0
16.669,255.0,1440.0
16.679,255.0,1440.0
16.689,255.0,1440.0
16.699,255.0,1470.0
16.709,255.0,1500.0
16.719,255.0,1470.0
16.729,255.0,1500.0
16.739,255.0,1500.0
16.749,255.0,1500.0
16.759,255.0,1530.0
16.769,255.0,1500.0
16.779,255.0,1500.0
16.789,255.0,1530.0
16.799,255.0,1500.0
16.809,255.0,1500.0
16.819,255.0,1500.0
16.829,255.0,1530.0
16.839,255.0,1500.0
16.849,255.0,1500.0
16.859,255.0,1500.0
16.869,255.0,1470.0
16.879,255.0,1500.0
16.889,255.0,1500.0
16.899,255.0,1470.0
16.909,255.0,1500.0
16.919,255.0,1470.0
16.929,255.0,1500.0
16.94,255.0,1470.0
16.949,255.0,1470.0
16.959,255.0,1500.0
16.969,255.0,1470.0
16.979,255.0,1470.0
16.989,255.0,1470.0
16.999,255.0,1470.0
17.009,255.0,1470.0
17.019,255.0,1470.0
17.029,255.0,1470.0
17.039,255.0,1470.0
17.049,255.0,1470.0
17.059,255.0,1470.0
17.069,255.0,1470.0
17.079,255.0,1470.0
17.089,255.0,1470.0
17.099,255.0,1470.0
17.11,255.0,1470.0
17.119,255.0,1470.0
17.129,255.0,1470.0
17.139,255.0,1500.0
17.149,255.0,1470.0
17.159,255.0,1500.0
17.169,255.0,1500.0
17.179,255.0,1500.0
17.189,255.0,1500.0
17.199,255.0,1500.0
17.209,255.0,1500.0
17.219,255.0,1500.0
17.229,255.0,1530.0
17.239,255.0,1530.0
17.249,255.0,1500.0
17.259,255.0,1530.0
17.269,255.0,1500.0
17.28,255.0,1530.0
17.289,255.0,1500.0
17.299,255.0,1530.0
17.309,255.0,1530.0
17.319,255.0,1530.0
17.329,255.0,1500.0
17.339,255.0,1530.0
17.349,255.0,1500.0
17.359,255.0,1530.0
17.369,255.0,1530.0
17.379,255.0,1530.0
17.389,255.0,1530.0
17.399,255.0,1530.0
17.409,255.0,1530.0
17.419,255.0,1530.0
17.429,255.0,1530.0
17.439,255.0,1560.0
17.449,255.0,1530.0
17.459,255.0,1530.0
17.469,255.0,1530.0
17.479,255.0,1530.0
17.489,255.0,1530.0
17.499,255.0,1530.0
17.509,255.0,1530.0
17.519,255.0,1530.0
17.529,255.0,1500.0
17.539,255.0,1530.0
17.549,255.0,1530.0
17.559,255.0,1530.0
17.569,255.0,1500.0
17.58,255.0,1530.0
17.589,255.0,1560.0
17.599,255.0,1530.0
17.609,255.0,1530.0
17.619,255.0,1530.0
17.629,255.0,1560.0
17.639,255.0,1530.0
17.649,255.0,1500.0
17.659,255.0,1560.0
17.669,255.0,1530.0
17.679,255.0,1530.0
17.689,255.0,1500.0
17.699,255.0,1530.0
17.709,255.0,1560.0
17.719,255.0,1530.0
17.729,255.0,1500.0
17.739,255.0,1530.0
17.75,255.0,1560.0
17.759,255.0,1500.0
17.769,255.0,1530.0
17.779,255.0,1530.0
17.789,255.0,1530.0
17.799,255.0,1500.0
17.809,255.0,1530.0
17.819,255.0,1530.0
17.829,255.0,1500.0
17.839,255.0,1530.0
17.849,255.0,1500.0
17.859,255.0,1530.0
17.869,255.0,1530.0
18.159,255.0,1500.0
18.169,255.0,1530.0
18.179,255.0,1500.0
18.189,255.0,1530.0
18.199,255.0,1500.0
18.209,255.0,1530.0
18.22,255.0,1500.0
18.229,255.0,1530.0
18.239,255.0,1500.0
18.249,255.0,1530.0
18.259,255.0,1500.0
18.269,255.0,1530.0
18.279,255.0,1500.0
18.289,255.0,1500.0
18.299,255.0,1530.0
18.309,255.0,1500.0
18.319,255.0,1500.0
18.329,255.0,1500.0
18.339,255.0,1530.0
18.349,255.0,1500.0
18.359,255.0,1500.0
18.369,255.0,1500.0
18.379,255.0,1500.0
18.39,255.0,1500.0
18.399,255.0,1470.0
18.409,255.0,1500.0
18.419,255.0,1500.0
18.429,255.0,1500.0
18.439,255.0,1470.0
18.449,255.0,1500.0
18.459,255.0,1500.0
18.469,255.0,1500.0
18.479,255.0,1470.0
18.489,255.0,1470.0
18.499,255.0,1500.0
18.509,255.0,1470.0
18.519,255.0,1470.0
18.529,255.0,1500.0
18.539,255.0,1470.0
18.549,255.0,1470.0
18.56,255.0,1470.0
18.569,255.0,1470.0
18.579,255.0,1470.0
18.589,255.0,1470.0
18.599,255.0,1440.0
18.609,255.0,1470.0
18.619,255.0,1470.0
18.629,255.0,1470.0
18.639,255.0,1440.0
18.649,255.0,1470.0
18.659,255.0,1440.0
18.669,255.0,1470.0
18.679,255.0,1470.0
18.689,255.0,1440.0
18.699,255.0,1440.0
18.709,255.0,1470.0
18.719,255.0,1440.0
18.729,255.0,1440.0
18.739,255.0,1440.0
18.749,255.0,1440.0
18.759,255.0,1440.0
18.769,255.0,1410.0
18.779,255.0,1440.0
18.789,255.0,1440.0
18.799,255.0,1440.0
18.809,255.0,1440.0
18.819,255.0,1440.0
18.829,255.0,1410.0
18.839,255.0,1440.0
18.849,255.0,1440.0
18.86,255.0,1410.0
18.869,255.0,1440.0
18.879,255.0,1440.0
18.889,255.0,1440.0
18.899,255.0,1410.0
18.909,255.0,1440.0
18.919,255.0,1440.0
18.929,255.0,1440.0
18.939,255.0,1440.0
18.949,255.0,1440.0
18.959,255.0,1470.0
18.969,255.0,1440.0
18.979,255.0,1470.0
18.989,255.0,1470.0
18.999,255.0,1440.0
19.009,255.0,1470.0
19.019,255.0,1470.0
19.03,255.0,1470.0
19.039,255.0,1440.0
19.049,255.0,1470.0
19.059,255.0,1470.0
19.069,255.0,1470.0
19.079,255.0,1470.0
19.089,255.0,1470.0
19.099,255.0,1470.0
19.109,255.0,1470.0
19.119,255.0,1470.0
19.129,255.0,1470.0
19.139,255.0,1470.0
19.149,255.0,1470.0
19.159,255.0,1470.0
19.169,255.0,1470.0
19.179,255.0,1500.0
19.189,255.0,1470.0
19.2,255.0,1470.0
19.209,255.0,1500.0
19.219,255.0,1470.0
19.229,255.0,1500.0
19.239,255.0,1500.0
19.249,255.0,1470.0
19.259,255.0,1500.0
19.269,255.0,1470.0
19.279,255.0,1500.0
19.289,255.0,1470.0
19.299,255.0,1500.0
19.309,255.0,1500.0
19.319,255.0,1500.0
19.329,255.0,1470.0
19.339,255.0,1500.0
19.349,255.0,1500.0
19.359,255.0,1500.0
19.369,255.0,1470.0
19.379,255.0,1500.0
19.389,255.0,1500.0
19.399,255.0,1500.0
19.409,255.0,1500.0
19.419,255.0,1500.0
19.429,255.0,1500.0
19.439,255.0,1500.0
19.449,255.0,1470.0
19.459,255.0,1500.0
19.469,255.0,1500.0
19.479,255.0,1500.0
19.489,255.0,1500.0
19.5,255.0,1500.0
19.509,255.0,1500.0
19.519,255.0,1500.0
19.529,255.0,1470.0
19.539,255.0,1500.0
19.549,255.0,1500.0
19.559,255.0,1470.0
19.569,255.0,1500.0
19.579,255.0,1500.0
19.589,255.0,1500.0
19.599,255.0,1500.0
19.609,255.0,1470.0
19.619,255.0,1500.0
19.629,255.0,1500.0
19.639,255.0,1500.0
19.649,255.0,1470.0
19.659,255.0,1500.0
19.67,255.0,1500.0
19.679,255.0,1500.0
19.689,255.0,1470.0
19.699,255.0,1500.0
19.709,255.0,1500.0
19.719,255.0,1500.0
19.729,255.0,1500.0
19.739,255.0,1500.0
19.749,255.0,1500.0
19.759,255.0,1470.0
19.769,255.0,1500.0
19.779,255.0,1500.0
19.789,255.0,1500.0
19.799,255.0,1500.0
19.809,255.0,1470.0
19.819,255.0,1500.0
19.829,255.0,1500.0
19.84,255.0,1500.0
19.849,255.0,1500.0
19.859,255.0,1470.0
19.869,255.0,1500.0
19.879,255.0,1500.0
19.889,255.0,1470.0
19.899,255.0,1500.0
19.909,255.0,1500.0
19.919,255.0,1500.0
19.929,255.0,1470.0
19.939,255.0,1500.0
19.949,255.0,1500.0
19.959,255.0,1500.0
19.969,255.0,1500.0
19.979,255.0,1500.0
19.989,255.0,1530.0
19.999,255.0,1500.0
20.009,255.0,1500.0
20.019,255.0,1500.0
20.029,255.0,1500.0
20.039,255.0,1500.0
20.049,255.0,1500.0
20.059,255.0,1500.0
20.069,255.0,1530.0
20.079,255.0,1500.0
20.089,255.0,1530.0
20.099,255.0,1500.0
20.109,255.0,1530.0
20.119,255.0,1500.0
20.129,255.0,1500.0
20.14,255.0,1530.0
20.149,255.0,1500.0
20.439,255.0,1500.0
20.449,255.0,1500.0
20.459,255.0,1530.0
20.469,255.0,1500.0
20.48,255.0,1530.0
20.489,255.0,1500.0
20.499,255.0,1530.0
20.509,255.0,1500.0
20.519,255.0,1500.0
20.529,255.0,1530.0
20.539,255.0,1500.0
20.549,255.0,1530.0
20.559,255.0,1500.0
20.569,255.0,1500.0
20.579,255.0,1500.0
20.589,255.0,1530.0
20.599,255.0,1500.0
20.609,255.0,1500.0
20.619,255.0,1500.0
20.629,255.0,1500.0
20.639,255.0,1500.0
20.649,255.0,1500.0
20.659,255.0,1500.0
20.669,255.0,1530.0
20.679,255.0,1470.0
20.689,255.0,1500.0
20.699,255.0,1530.0
20.709,255.0,1500.0
20.719,255.0,1500.0
20.729,255.0,1500.0
20.739,255.0,1500.0
20.749,255.0,1500.0
20.759,255.0,1500.0
20.769,255.0,1500.0
20.78,255.0,1500.0
20.789,255.0,1500.0
20.799,255.0,1500.0
20.809,255.0,1500.0
20.819,255.0,1500.0
20.829,255.0,1500.0
20.839,255.0,1500.0
20.849,255.0,1500.0
20.859,255.0,1500.0
20.869,255.0,1500.0
20.879,255.0,1500.0
20.889,255.0,1500.0
20.899,255.0,1530.0
20.909,255.0,1500.0
20.919,255.0,1500.0
20.929,255.0,1500.0
20.939,255.0,1530.0
20.95,255.0,1500.0
20.959,255.0,1500.0
20.969,255.0,1500.0
20.979,255.0,1500.0
20.989,255.0,1530.0
20.999,255.0,1500.0
21.009,255.0,1500.0
21.019,255.0,1500.0
21.029,255.0,1500.0
21.039,255.0,1500.0
21.049,255.0,1500.0
21.059,255.0,1500.0
21.069,255.0,1500.0
21.079,255.0,1500.0
21.089,255.0,1500.0
21.099,255.0,1500.0
21.109,255.0,1500.0
21.12,255.0,1500.0
21.129,255.0,1500.0
21.139,255.0,1500.0
21.149,255.0,1500.0
21.159,255.0,1470.0
21.169,255.0,1500.0
21.179,255.0,1500.0
21.189,255.0,1500.0
21.199,255.0,1500.0
21.209,255.0,1530.0
21.219,255.0,1500.0
21.229,255.0,1500.0
21.239,255.0,1500.0
21.249,255.0,1500.0
21.259,255.0,1500.0
21.269,255.0,1530.0
21.279,255.0,1470.0
21.289,255.0,1500.0
21.299,255.0,1500.0
21.309,255.0,1530.0
21.319,255.0,1500.0
21.329,255.0,1500.0
21.339,255.0,1500.0
21.349,255.0,1500.0
21.359,255.0,1500.0
21.369,255.0,1500.0
21.379,255.0,1500.0
21.389,255.0,1500.0
21.399,255.0,1500.0
21.409,255.0,1500.0
21.42,255.0,1500.0
21.429,255.0,1530.0
21.439,255.0,1530.0
21.449,255.0,1500.0
21.459,255.0,1500.0
21.469,255.0,1500.0
21.479,255.0,1530.0
21.489,255.0,1500.0
21.499,255.0,1500.0
21.509,255.0,1500.0
21.519,255.0,1530.0
21.529,255.0,1500.0
21.539,255.0,1500.0
21.549,255.0,1530.0
21.559,255.0,1530.0
21.569,255.0,1500.0
21.579,255.0,1500.0
21.59,255.0,1530.0
21.599,255.0,1530.0
21.609,255.0,1500.0
21.619,255.0,1530.0
21.629,255.0,1530.0
21.639,255.0,1530.0
21.649,255.0,1500.0
21.659,255.0,1530.0
21.669,255.0,1530.0
21.679,255.0,1530.0
21.689,255.0,1500.0
21.699,255.0,1500.0
21.709,255.0,1500.0
21.719,255.0,1530.0
21.729,255.0,1500.0
21.739,255.0,1500.0
21.749,255.0,1500.0
21.76,255.0,1530.0
21.769,255.0,1470.0
21.779,255.0,1500.0
21.789,255.0,1530.0
21.799,255.0,1500.0
21.809,255.0,1500.0
21.819,255.0,1500.0
21.829,255.0,1500.0
21.839,255.0,1530.0
21.849,255.0,1470.0
21.859,255.0,1530.0
21.869,255.0,1500.0
21.879,255.0,1530.0
21.889,255.0,1470.0
21.899,255.0,1500.0
21.909,255.0,1530.0
21.919,255.0,1500.0
21.929,255.0,1500.0
21.939,255.0,1500.0
21.949,255.0,1500.0
21.959,255.0,1500.0
21.969,255.0,1470.0
21.979,255.0,1500.0
21.989,255.0,1500.0
21.999,255.0,1500.0
22.009,255.0,1470.0
22.019,255.0,1500.0
22.029,255.0,1500.0
22.039,255.0,1500.0
22.049,255.0,1500.0
22.06,255.0,1470.0
22.069,255.0,1500.0
22.079,255.0,1500.0
22.089,255.0,1500.0
22.099,255.0,1500.0
22.109,255.0,1470.0
22.119,255.0,1530.0
22.129,255.0,1470.0
22.139,255.0,1500.0
22.149,255.0,1500.0
22.159,255.0,1500.0
22.169,255.0,1470.0
22.179,255.0,1500.0
22.189,255.0,1500.0
22.199,255.0,1530.0
22.209,255.0,1470.0
22.219,255.0,1500.0
22.23,255.0,1500.0
22.239,255.0,1500.0
22.249,255.0,1500.0
22.259,255.0,1500.0
22.269,255.0,1500.0
22.279,255.0,1500.0
22.289,255.0,1470.0
22.299,255.0,1500.0
22.309,255.0,1500.0
22.319,255.0,1530.0
22.329,255.0,1470.0
22.339,255.0,1500.0
22.349,255.0,1500.0
22.359,255.0,1530.0
22.369,255.0,1500.0
22.379,255.0,1500.0
22.389,255.0,1500.0
22.4,255.0,1530.0
22.409,255.0,1500.0
22.419,255.0,1500.0
22.429,255.0,1530.0
22.719,255.0,1500.0
22.729,255.0,1500.0
22.739,255.0,1530.0
22.749,255.0,1530.0
22.759,255.0,1500.0
22.769,255.0,1530.0
22.779,255.0,1500.0
22.789,255.0,1530.0
22.799,255.0,1500.0
22.809,255.0,1500.0
22.819,255.0,1530.0
22.829,255.0,1500.0
22.839,255.0,1530.0
22.849,255.0,1500.0
22.859,255.0,1530.0
22.87,255.0,1530.0
22.879,255.0,1530.0
22.889,255.0,1500.0
22.899,255.0,1530.0
22.909,255.0,1530.0
22.919,255.0,1530.0
22.929,255.0,1530.0
22.939,255.0,1500.0
22.949,255.0,1530.0
22.959,255.0,1530.0
22.969,255.0,1530.0
22.979,255.0,1530.0
22.989,255.0,1530.0
22.999,255.0,1530.0
23.009,255.0,1500.0
23.019,255.0,1530.0
23.029,255.0,1530.0
23.04,255.0,1530.0
23.049,255.0,1530.0
23.059,255.0,1500.0
23.069,255.0,1530.0
23.079,255.0,1530.0
23.089,255.0,1530.0
23.099,255.0,1530.0
23.109,255.0,1530.0
23.119,255.0,1500.0
23.129,255.0,1530.0
23.139,255.0,1500.0
23.149,255.0,1530.0
23.159,255.0,1500.0
23.169,255.0,1530.0
23.179,255.0,1500.0
23.189,255.0,1530.0
23.199,255.0,1500.0
23.209,255.0,1500.0
23.219,255.0,1530.0
23.229,255.0,1500.0
23.239,255.0,1530.0
23.249,255.0,1500.0
23.259,255.0,1530.0
23.269,255.0,1530.0
23.279,255.0,1500.0
23.289,255.0,1530.0
23.299,255.0,1500.0
23.309,255.0,1530.0
23.319,255.0,1530.0
23.329,255.0,1500.0
23.34,255.0,1530.0
23.349,255.0,1530.0
23.359,255.0,1500.0
23.369,255.0,1530.0
23.379,255.0,1530.0
23.389,255.0,1530.0
23.399,255.0,1500.0
23.409,255.0,1530.0
23.419,255.0,1500.0
23.429,255.0,1530.0
23.439,255.0,1500.0
23.449,255.0,1530.0
23.459,255.0,1500.0
23.469,255.0,1530.0
23.479,255.0,1500.0
23.489,255.0,1530.0
23.499,255.0,1530.0
23.51,255.0,1530.0
23.519,255.0,1500.0
23.529,255.0,1530.0
23.539,255.0,1530.0
23.549,255.0,1530.0
23.559,255.0,1500.0
23.569,255.0,1530.0
23.579,255.0,1530.0
23.589,255.0,1530.0
23.599,255.0,1530.0
23.609,255.0,1530.0
23.619,255.0,1530.0
23.629,255.0,1560.0
23.639,255.0,1530.0
23.649,255.0,1560.0
23.659,255.0,1560.0
23.669,255.0,1560.0
23.68,255.0,1530.0
23.689,255.0,1560.0
23.699,255.0,1560.0
23.709,255.0,1530.0
23.719,255.0,1560.0
23.729,255.0,1590.0
23.739,255.0,1560.0
23.749,255.0,1530.0
23.759,255.0,1560.0
23.769,255.0,1560.0
23.779,255.0,1560.0
23.789,255.0,1560.0
23.799,255.0,1560.0
23.809,255.0,1560.0
23.819,255.0,1560.0
23.829,255.0,1530.0
23.839,255.0,1560.0
23.849,255.0,1560.0
23.859,255.0,1530.0
23.869,255.0,1560.0
23.879,255.0,1560.0
23.889,255.0,1560.0
23.899,255.0,1560.0
23.909,255.0,1560.0
23.919,255.0,1530.0
23.929,255.0,1560.0
23.939,255.0,1560.0
23.949,255.0,1530.0
23.959,255.0,1560.0
23.969,255.0,1560.0
23.98,255.0,1530.0
23.989,255.0,1560.0
23.999,255.0,1560.0
24.009,255.0,1530.0
24.019,255.0,1530.0
24.029,255.0,1560.0
24.039,255.0,1530.0
24.049,255.0,1560.0
24.059,255.0,1530.0
24.069,255.0,1560.0
24.079,255.0,1530.0
24.089,255.0,1560.0
24.099,255.0,1530.0
24.109,255.0,1530.0
24.119,255.0,1560.0
24.129,255.0,1530.0
24.139,255.0,1530.0
24.15,255.0,1530.0
24.159,255.0,1530.0
24.169,255.0,1530.0
24.179,255.0,1530.0
24.189,255.0,1530.0
24.199,255.0,1500.0
24.209,255.0,1530.0
24.219,255.0,1530.0
24.229,255.0,1530.0
24.239,255.0,1530.0
24.249,255.0,1500.0
24.259,255.0,1530.0
24.269,255.0,1500.0
24.279,255.0,1530.0
24.289,255.0,1500.0
24.299,255.0,1500.0
24.309,255.0,1500.0
24.32,255.0,1500.0
24.329,255.0,1500.0
24.339,255.0,1470.0
24.349,255.0,1500.0
24.359,255.0,1470.0
24.369,255.0,1500.0
24.379,255.0,1470.0
24.389,255.0,1500.0
24.399,255.0,1500.0
24.409,255.0,1470.0
24.419,255.0,1470.0
24.429,255.0,1500.0
24.439,255.0,1470.0
24.449,255.0,1500.0
24.459,255.0,1470.0
24.469,255.0,1470.0
24.479,255.0,1500.0
24.489,255.0,1470.0
24.499,255.0,1470.0
24.509,255.0,1500.0
24.519,255.0,1470.0
24.529,255.0,1500.0
24.539,255.0,1470.0
24.549,255.0,1470.0
24.559,255.0,1470.0
24.569,255.0,1500.0
24.579,255.0,1440.0
24.589,255.0,1470.0
24.599,255.0,1470.0
24.609,255.0,1470.0
24.62,255.0,1470.0
24.629,255.0,1470.0
24.639,255.0,1470.0
24.649,255.0,1470.0
24.659,255.0,1470.0
24.669,255.0,1470.0
24.679,255.0,1500.0
24.689,255.0,1470.0
24.699,255.0,1500.0
24.709,255.0,1470.0
24.999,255.0,1470.0
25.009,255.0,1500.0
25.019,255.0,1440.0
25.029,255.0,1500.0
25.039,255.0,1470.0
25.049,255.0,1500.0
25.059,255.0,1470.0
25.069,255.0,1470.0
25.079,255.0,1470.0
25.089,255.0,1500.0
25.099,255.0,1440.0
25.109,255.0,1470.0
25.119,255.0,1470.0
25.129,255.0,1500.0
25.139,255.0,1440.0
25.149,255.0,1470.0
25.159,255.0,1470.0
25.169,255.0,1500.0
25.179,255.0,1470.0
25.189,255.0,1440.0
25.199,255.0,1470.0
25.209,255.0,1470.0
25.219,255.0,1470.0
25.229,255.0,1470.0
25.239,255.0,1470.0
25.249,255.0,1470.0
25.26,255.0,1470.0
25.269,255.0,1440.0
25.279,255.0,1470.0
25.289,255.0,1470.0
25.299,255.0,1470.0
25.309,255.0,1440.0
25.319,255.0,1470.0
25.329,255.0,1470.0
25.339,255.0,1440.0
25.349,255.0,1470.0
25.359,255.0,1440.0
25.369,255.0,1470.0
25.379,255.0,1440.0
25.389,255.0,1440.0
25.399,255.0,1440.0
25.409,255.0,1470.0
25.419,255.0,1440.0
25.43,255.0,1440.0
25.439,255.0,1440.0
25.449,255.0,1440.0
25.459,255.0,1470.0
25.469,255.0,1410.0
25.479,255.0,1440.0
25.489,255.0,1440.0
25.499,255.0,1440.0
25.509,255.0,1440.0
25.519,255.0,1410.0
25.529,255.0,1440.0
25.539,255.0,1440.0
25.549,255.0,1440.0
25.559,255.0,1440.0
25.569,255.0,1410.0
25.579,255.0,1440.0
25.589,255.0,1440.0
25.6,255.0,1410.0
25.609,255.0,1440.0
25.619,255.0,1410.0
25.629,255.0,1440.0
25.639,255.0,1440.0
25.649,255.0,1410.0
25.659,255.0,1410.0
25.669,255.0,1440.0
25.679,255.0,1410.0
25.689,255.0,1410.0
25.699,255.0,1410.0
25.709,255.0,1410.0
25.719,255.0,1410.0
25.729,255.0,1410.0
25.739,255.0,1380.0
25.749,255.0,1380.0
25.759,255.0,1410.0
25.769,255.0,1350.0
25.779,255.0,1410.0
25.789,255.0,1380.0
25.799,255.0,1410.0
25.809,255.0,1380.0
25.819,255.0,1470.0
25.829,255.0,1500.0
25.839,255.0,1560.0
25.849,255.0,1680.0
25.859,255.0,1830.0
25.869,255.0,1950.0
25.879,255.0,2070.0
25.889,255.0,2160.0
25.9,255.0,2250.0
25.909,255.0,2280.0
25.919,254.936,2340.0
25.929,254.68,2340.0
25.939,254.712,2250.0
25.949,255.0,2160.0
25.959,255.0,2190.0
25.969,255.0,2280.0
25.979,255.0,2310.0
25.989,254.84,2340.0
25.999,254.584,2340.0
26.009,254.616,2250.0
26.019,255.0,2160.0
26.029,255.0,2190.0
26.039,255.0,2280.0
26.049,254.936,2340.0
26.059,254.776,2310.0
26.07,255.0,2220.0
26.079,255.0,2190.0
26.089,255.0,2160.0